name,nomenclature,synonym,family,group,legal,rlg,rlb,neophyte,sociology,l,t,k,f,fchange,r,n,targetHerb,targetGrass,targetArrhenatherion,ffh6510,ffh6210,table30,table33,table34,nitrogenIndicator,nitrogenIndicator2,grazingIndicator,ruderalIndicator
Acer_platanoides,http://www.worldfloraonline.org/taxon/wfo-0000514884,NA,Sapindaceae,tree,NA,NA,NA,no,0,4,6,4,NA,NA,NA,NA,no,no,no,no,no,no,no,no,no,no,no,no
Achillea_millefolium,http://www.worldfloraonline.org/taxon/wfo-0000042097,na,Asteraceae,herb,NA,NA,NA,no,5420,8,NA,NA,4,NA,NA,5,yes,no,no,yes,no,no,no,no,no,no,no,no
Acinos_arvensis,http://www.worldfloraonline.org/taxon/wfo-0000320080,na,Lamiaceae,herb,NA,V,NA,no,5200,9,6,3,2,NA,5,1,yes,no,no,no,no,no,no,no,no,no,no,no
Aegopodium_podagraria,http://www.worldfloraonline.org/taxon/wfo-0000521573,na,Apiaceae,herb,NA,NA,NA,no,3531,5,5,3,6,NA,7,8,no,no,no,no,no,no,no,no,yes,yes,no,no
Agrimonia_eupatoria,http://www.worldfloraonline.org/taxon/wfo-0001006654,na,Rosaceae,herb,NA,NA,NA,no,6111,7,6,4,4,NA,8,4,yes,no,no,no,no,no,no,no,no,no,no,no
Agrostis_capillaris,http://www.worldfloraonline.org/taxon/wfo-0000841743,na,Poaceae,sub-grass,NA,NA,NA,no,5000,7,NA,3,NA,NA,4,4,no,yes,no,no,no,no,4,no,no,no,no,no
Agrostis_gigantea,http://www.worldfloraonline.org/taxon/wfo-0000843693,na,Poaceae,top-grass,NA,NA,NA,no,5400,7,5,3,8,NA,7,6,no,yes,no,no,no,no,no,no,no,no,no,no
Agrostis_stolonifera,http://www.worldfloraonline.org/taxon/wfo-0000844489,na,Poaceae,sub-grass,NA,NA,NA,no,3810,8,NA,5,NA,2,NA,5,no,yes,no,no,no,no,no,no,no,no,no,no
Ajuga_reptans,http://www.worldfloraonline.org/taxon/wfo-0000935107,na,Lamiaceae,herb,NA,NA,NA,no,NA,6,NA,2,6,NA,6,6,yes,no,no,yes,no,no,no,no,no,no,no,no
Allium_oleraceum,http://www.worldfloraonline.org/taxon/wfo-0000756866,na,Amaryllidaceae,herb,NA,NA,NA,no,5300,7,6,4,3,NA,7,4,yes,no,no,no,no,no,no,no,no,no,no,no
Allium_sativum,http://www.worldfloraonline.org/taxon/wfo-0000757248,na,Amaryllidaceae,herb,NA,NA,NA,yes,NA,NA,NA,NA,NA,NA,NA,NA,no,no,no,no,no,no,no,no,no,no,no,no
Allium_scorodoprasum,http://www.worldfloraonline.org/taxon/wfo-0000757306,na,Amaryllidaceae,herb,NA,NA,3,no,8433,6,6,5,7,NA,7,7,yes,no,no,no,no,no,no,no,no,no,no,no
Allium_vineale,http://www.worldfloraonline.org/taxon/wfo-0000757711,na,Amaryllidaceae,herb,NA,NA,NA,no,3311,5,7,3,4,NA,NA,7,yes,no,no,no,no,no,no,no,no,no,no,no
Alopecurus_pratensis,http://www.worldfloraonline.org/taxon/wfo-0000845656,na,Poaceae,top-grass,NA,NA,NA,no,5400,6,NA,5,6,NA,6,7,no,yes,no,yes,no,no,no,no,no,no,no,no
Angelica_sylvestris,http://www.worldfloraonline.org/taxon/wfo-0000536413,na,Apiaceae,herb,NA,NA,NA,no,5410,7,NA,4,8,NA,NA,NA,yes,no,no,no,no,3,no,no,no,no,no,no
Anthericum_ramosum,http://www.worldfloraonline.org/taxon/wfo-0000760635,na,Asparagaceae,herb,BG,V,NA,no,6112,7,5,4,3,NA,7,3,yes,no,no,no,no,no,2,2,no,no,no,no
Anthoxanthum_odoratum,http://www.worldfloraonline.org/taxon/wfo-0000848178,na,Poaceae,sub-grass,NA,NA,NA,no,NA,NA,NA,NA,NA,NA,5,NA,no,yes,no,yes,no,4,4,no,no,no,no,no
Anthriscus_sylvestris,http://www.worldfloraonline.org/taxon/wfo-0000538692,na,Apiaceae,herb,NA,NA,NA,no,5420,7,NA,5,5,NA,NA,8,no,no,no,no,no,no,no,no,yes,yes,no,no
Anthyllis_vulneraria,http://www.worldfloraonline.org/taxon/wfo-0000212115,na,Fabaceae,legume,NA,NA,NA,no,5320,8,6,3,3,NA,7,2,yes,no,no,no,yes,no,2,3,no,no,no,no
Arabis_hirsuta,http://www.worldfloraonline.org/taxon/wfo-0000542279,na,Brassicaceae,herb,NA,V,NA,no,5320,7,5,3,4,1,8,NA,yes,no,no,no,yes,no,3,no,no,no,no,no
Arenaria_serpyllifolia,http://www.worldfloraonline.org/taxon/wfo-0000546651,na,Caryophyllaceae,herb,NA,NA,NA,no,NA,8,NA,NA,4,NA,7,NA,yes,no,no,no,no,no,3,no,no,no,no,no
Arrhenatherum_elatius,http://www.worldfloraonline.org/taxon/wfo-0000849608,na,Poaceae,top-grass,NA,NA,NA,no,5421,8,5,3,5,NA,7,7,no,yes,yes,yes,no,no,no,no,no,no,no,no
Artemisia_vulgaris,http://www.worldfloraonline.org/taxon/wfo-0000115588,na,Asteraceae,herb,NA,NA,NA,no,3500,7,6,NA,6,NA,NA,8,no,no,no,no,no,no,no,no,no,no,no,yes
Astragalus_glycyphyllos,http://www.worldfloraonline.org/taxon/wfo-0000213564,na,Fabaceae,legume,NA,NA,NA,no,6110,6,6,4,4,NA,7,3,yes,no,no,no,no,no,no,no,no,no,no,no
Avena_fatua,http://www.worldfloraonline.org/taxon/wfo-0000851838,NA,Poaceae,grass,NA,NA,NA,no,0,6,6,6,5,no,7,NA,no,no,no,no,no,no,no,no,no,no,no,no
Barbarea_vulgaris,http://www.worldfloraonline.org/taxon/wfo-0000560064,na,Brassicaceae,herb,NA,NA,NA,no,3811,8,6,3,6,NA,NA,6,no,no,no,no,no,no,no,no,no,no,no,yes
Bellis_perennis,http://www.worldfloraonline.org/taxon/wfo-0000072578,na,Asteraceae,herb,NA,NA,NA,no,5420,8,NA,2,5,NA,NA,6,no,no,no,no,no,no,no,no,no,no,yes,no
Betula_pendula,http://www.worldfloraonline.org/taxon/wfo-0000335449,NA,Betulaceae,tree,NA,NA,NA,no,0,7,NA,NA,NA,NA,NA,NA,no,no,no,no,no,no,no,no,no,no,no,no
Brassicaceae,http://www.worldfloraonline.org/taxon/wfo-7000000082,NA,Brassicaceae,herb,NA,NA,NA,NA,0,NA,NA,NA,NA,NA,NA,NA,no,no,no,no,no,no,no,no,no,no,no,no
Brachypodium_pinnatum,http://www.worldfloraonline.org/taxon/wfo-0000854513,na,Poaceae,top-grass,NA,NA,NA,no,5300,6,6,5,4,NA,7,4,no,yes,no,no,yes,no,3,no,no,no,no,no
Brachypodium_sylvaticum,http://www.worldfloraonline.org/taxon/wfo-0000854603,na,Poaceae,top-grass,NA,NA,NA,no,0,3,5,3,5,NA,6,6,no,no,no,no,no,no,no,no,no,no,no,no
Brassica_rapa,http://www.worldfloraonline.org/taxon/wfo-0000571544,na,Brassicaceae,herb,NA,NA,NA,no,NA,NA,NA,NA,NA,NA,NA,NA,no,no,no,no,no,no,no,no,no,no,no,no
Briza_media,http://www.worldfloraonline.org/taxon/wfo-0000854755,na,Poaceae,sub-grass,NA,NA,NA,no,5000,8,NA,3,NA,NA,NA,2,no,yes,no,yes,yes,3,4,no,no,no,no,no
Bromus_erectus,http://www.worldfloraonline.org/taxon/wfo-0000855493,na,Poaceae,top-grass,NA,NA,NA,no,5320,8,5,2,3,NA,8,3,no,yes,no,no,yes,no,3,no,no,no,no,no
Bromus_hordeaceus,http://www.worldfloraonline.org/taxon/wfo-0000855692,na,Poaceae,top-grass,NA,NA,NA,no,NA,7,6,4,NA,1,NA,3,no,yes,no,yes,no,no,no,no,no,no,no,no
Bromus_inermis,http://www.worldfloraonline.org/taxon/wfo-0000855743,na,Poaceae,top-grass,NA,NA,NA,no,NA,8,NA,7,4,1,8,5,no,yes,no,no,no,no,no,no,no,no,no,no
Bromus_sterilis,http://www.worldfloraonline.org/taxon/wfo-0000856589,na,Poaceae,sub-grass,NA,NA,NA,no,3331,7,6,4,4,NA,NA,5,no,no,no,no,no,no,no,no,no,no,no,yes
Calamagrostis_epigejos,http://www.worldfloraonline.org/taxon/wfo-0000857259,na,Poaceae,top-grass,NA,NA,NA,no,NA,7,5,7,NA,1,NA,6,no,no,no,no,no,no,no,no,no,yes,no,no
Calystegia_sepium,http://www.worldfloraonline.org/taxon/wfo-0001296723,na,Convolvulaceae,herb,NA,NA,NA,no,3520,8,6,5,6,NA,7,9,no,no,no,no,no,no,no,no,no,yes,no,no
Campanula_glomerata,http://www.worldfloraonline.org/taxon/wfo-0000827269,na,Campanulaceae,herb,NA,3,NA,no,5300,7,NA,7,4,NA,7,NA,yes,no,no,no,yes,no,3,no,no,no,no,no
Campanula_patula,http://www.worldfloraonline.org/taxon/wfo-0000828061,na,Campanulaceae,herb,NA,V,NA,no,5421,8,6,4,5,NA,7,5,yes,no,yes,yes,no,no,no,no,no,no,no,no
Campanula_rapunculoides,http://www.worldfloraonline.org/taxon/wfo-0000828416,na,Campanulaceae,herb,NA,NA,NA,no,6112,6,6,4,4,NA,7,4,yes,no,no,no,no,no,3,no,no,no,no,no
Campanula_rotundifolia,http://www.worldfloraonline.org/taxon/wfo-0000828550,na,Campanulaceae,herb,NA,NA,NA,no,NA,7,5,NA,NA,NA,NA,2,yes,no,no,no,no,no,3,no,no,no,no,no
Campanula_trachelium,http://www.worldfloraonline.org/taxon/wfo-0000829176,na,Campanulaceae,herb,NA,NA,NA,no,8430,4,NA,3,6,NA,8,8,no,no,no,no,no,no,no,no,no,no,no,no
Capsella_bursa-pastoris,http://www.worldfloraonline.org/taxon/wfo-0000585589,na,Brassicaceae,herb,NA,NA,NA,no,3300,7,NA,NA,5,NA,NA,6,no,no,no,no,no,no,no,no,no,no,no,yes
Carduus_acanthoides,http://www.worldfloraonline.org/taxon/wfo-0000114356,na,Asteraceae,herb,NA,NA,NA,no,3540,9,5,6,4,NA,8,7,no,no,no,no,no,no,no,no,no,no,no,yes
Carex_acutiformis,http://www.worldfloraonline.org/taxon/wfo-0000344201,na,Cyperaceae,sedge,NA,NA,NA,no,NA,7,NA,3,9,1,7,5,no,yes,no,no,no,4,no,no,no,no,no,no
Carex_caryophyllea,http://www.worldfloraonline.org/taxon/wfo-0000345352,na,Cyperaceae,sedge,NA,V,NA,no,5320,8,NA,3,4,NA,NA,2,no,yes,no,no,yes,no,3,3,no,no,no,no
Carex_digitata,http://www.worldfloraonline.org/taxon/wfo-0000346034,na,Cyperaceae,sedge,NA,NA,NA,no,8400,3,NA,4,5,NA,NA,4,no,yes,no,no,no,no,no,no,no,no,no,no
Carex_flacca,http://www.worldfloraonline.org/taxon/wfo-0000346645,na,Cyperaceae,sedge,NA,NA,NA,no,NA,7,NA,3,6,1,8,NA,no,yes,no,no,no,no,3,no,no,no,no,no
Carex_hirta,http://www.worldfloraonline.org/taxon/wfo-0000347452,na,Cyperaceae,sedge,NA,NA,NA,no,3810,7,6,3,6,1,NA,5,no,yes,no,no,no,no,no,no,no,no,no,no
Carex_montana,http://www.worldfloraonline.org/taxon/wfo-0000348977,na,Cyperaceae,sedge,NA,NA,NA,no,NA,5,NA,4,4,NA,6,3,no,yes,no,no,yes,no,3,no,no,no,no,no
Carex_muricata,http://www.worldfloraonline.org/taxon/wfo-0000349075,na,Cyperaceae,sedge,NA,NA,NA,no,6210,7,6,3,4,NA,NA,6,no,yes,no,no,no,no,no,no,no,no,no,no
Carex_panicea,http://www.worldfloraonline.org/taxon/wfo-0000349728,na,Cyperaceae,sedge,NA,V,NA,no,1700,8,NA,3,8,1,NA,4,no,yes,no,no,no,2,no,no,no,no,no,no
Carex_praecox_ssp_curvata,http://www.worldfloraonline.org/taxon/wfo-0000350214,Carex_curvata,Cyperaceae,sedge,NA,D,3,no,3611,NA,NA,NA,NA,NA,NA,NA,no,yes,no,no,no,no,no,no,no,no,no,no
Carex_praecox_ssp_praecox,http://www.worldfloraonline.org/taxon/wfo-0000350207,Carex_praecox,Cyperaceae,sedge,NA,V,3,no,3611,9,6,6,3,1,NA,4,no,yes,no,no,no,no,3,no,no,no,no,no
Carex_sylvatica,http://www.worldfloraonline.org/taxon/wfo-0000351795,na,Cyperaceae,sedge,NA,NA,NA,no,8430,2,5,3,5,NA,6,5,no,no,no,no,no,no,no,no,no,no,no,no
Carum_carvi,http://www.worldfloraonline.org/taxon/wfo-0000588460,na,Apiaceae,herb,NA,NA,NA,no,5420,8,4,5,5,NA,NA,6,yes,no,no,yes,no,no,no,no,no,no,no,no
Centaurea_jacea,http://www.worldfloraonline.org/taxon/wfo-0000095537,na,Asteraceae,herb,NA,NA,NA,no,5000,7,NA,5,NA,NA,NA,NA,yes,no,yes,yes,no,no,4,no,no,no,no,no
Centaurea_scabiosa,http://www.worldfloraonline.org/taxon/wfo-0000013986,na,Asteraceae,herb,NA,NA,NA,no,5300,7,NA,3,3,NA,8,4,yes,no,no,no,yes,no,2,no,no,no,no,no
Centaurea_stoebe,http://www.worldfloraonline.org/taxon/wfo-0000021390,na,Asteraceae,herb,NA,NA,3,no,NA,NA,NA,NA,NA,NA,NA,NA,yes,no,no,no,no,no,3,no,no,no,no,no
Centaurium_erythraea,http://www.worldfloraonline.org/taxon/wfo-0000593916,na,Gentianaceae,herb,BG,NA,NA,no,6210,8,6,5,5,NA,6,6,yes,no,no,no,no,no,no,no,no,no,no,no
Cerastium_arvense,http://www.worldfloraonline.org/taxon/wfo-0000595158,na,Caryophyllaceae,herb,NA,NA,NA,no,NA,8,NA,5,4,NA,6,4,yes,no,no,no,no,no,4,no,no,no,no,no
Cerastium_fontanum_ssp_vulgare,http://www.worldfloraonline.org/taxon/wfo-0000595577,Cerastium_holosteoides,Caryophyllaceae,herb,NA,NA,NA,no,5400,6,NA,NA,5,NA,NA,5,yes,no,no,yes,no,no,no,no,no,no,no,no
Cerastium_glomeratum,http://www.worldfloraonline.org/taxon/wfo-0000595603,na,Caryophyllaceae,herb,NA,NA,NA,no,3000,7,5,3,5,NA,5,5,yes,no,no,no,no,no,no,no,no,no,no,no
Chaerophyllum_bulbosum,http://www.worldfloraonline.org/taxon/wfo-0000598957,na,Apiaceae,herb,NA,NA,NA,no,3531,7,6,5,7,NA,8,8,no,no,no,no,no,no,no,no,no,yes,no,no
Chenopodium_album,http://www.worldfloraonline.org/taxon/wfo-0000600897,na,Amaranthaceae,herb,NA,NA,NA,no,3300,NA,NA,NA,4,NA,NA,7,no,no,no,no,no,no,no,no,no,no,no,yes
Cichorium_intybus,http://www.worldfloraonline.org/taxon/wfo-0000080671,na,Asteraceae,herb,NA,NA,NA,no,3000,9,6,5,4,NA,8,5,yes,no,no,no,no,no,no,no,no,no,no,no
Cirsium_arvense,http://www.worldfloraonline.org/taxon/wfo-0000006870,na,Asteraceae,herb,NA,NA,NA,no,3000,8,5,NA,NA,NA,NA,7,no,no,no,no,no,no,no,no,no,no,no,yes
Cirsium_oleraceum,http://www.worldfloraonline.org/taxon/wfo-0000063143,na,Asteraceae,herb,NA,NA,NA,no,5415,6,NA,3,7,NA,8,5,yes,no,no,no,no,4,no,no,no,no,no,no
Cirsium_vulgare,http://www.worldfloraonline.org/taxon/wfo-0000081703,na,Asteraceae,herb,NA,NA,NA,no,3500,8,5,3,5,NA,7,8,no,no,no,no,no,no,no,no,no,no,no,yes
Clinopodium_vulgare,http://www.worldfloraonline.org/taxon/wfo-0000893535,na,Lamiaceae,herb,NA,NA,NA,no,6110,7,NA,3,4,NA,7,3,yes,no,no,no,no,no,no,no,no,no,no,no
Colchicum_autumnale,http://www.worldfloraonline.org/taxon/wfo-0000763824,na,Colchicaceae,herb,NA,NA,NA,no,5400,6,5,2,6,1,7,NA,yes,no,no,no,no,no,no,no,no,no,no,no
Convolvulus_arvensis,http://www.worldfloraonline.org/taxon/wfo-0001296633,na,Convolvulaceae,herb,NA,NA,NA,no,3611,7,6,4,NA,7,NA,,no,no,no,no,no,no,no,no,no,yes,no,no
Cornus_controversa,http://www.worldfloraonline.org/taxon/wfo-0000924640,Cornus_sanguinea,Cornaceae,shrub,NA,NA,NA,no,0,7,5,4,5,NA,7,NA,no,no,no,no,no,no,no,no,no,no,no,no
Coryllus_avellana,http://www.worldfloraonline.org/taxon/wfo-0000925259,NA,Betulaceae,shrub,NA,NA,NA,no,0,6,5,3,NA,NA,NA,5,no,no,no,no,no,no,no,no,no,no,no,no
Cota_tinctoria,http://www.worldfloraonline.org/taxon/wfo-0000076814,Anthemis_tinctoria,Asteraceae,herb,NA,NA,NA,no,3611,8,6,5,3,NA,6,4,yes,no,no,no,no,no,no,no,no,no,no,no
Crataegus_monogyna,http://www.worldfloraonline.org/taxon/wfo-0001009785,NA,Rosaceae,shrub,NA,NA,NA,no,0,7,5,3,4,NA,8,4,no,no,no,no,no,no,no,no,no,no,no,no
Crepis_biennis,http://www.worldfloraonline.org/taxon/wfo-0000061510,na,Asteraceae,herb,NA,NA,NA,no,5421,7,5,3,5,NA,6,5,yes,no,yes,yes,no,no,no,no,no,no,no,no
Crepis_capillaris,http://www.worldfloraonline.org/taxon/wfo-0000030643,na,Asteraceae,herb,NA,NA,NA,no,5423,7,6,2,5,NA,6,4,no,no,no,no,no,no,no,no,no,no,yes,no
Cyanus_segetum,http://www.worldfloraonline.org/taxon/wfo-0000071996,Centaurea_cyanus,Asteraceae,herb,NA,V,NA,no,3420,7,6,5,NA,NA,NA,NA,no,no,no,no,no,no,no,no,no,no,no,yes
Cynodon_dactylon,http://www.worldfloraonline.org/taxon/wfo-0000861178,na,Poaceae,sub-grass,NA,NA,NA,yes,3711,8,7,3,4,NA,NA,5,no,no,no,no,no,no,no,no,no,no,no,no
Cynosurus_cristatus,http://www.worldfloraonline.org/taxon/wfo-0000861316,na,Poaceae,sub-grass,NA,NA,NA,no,5423,8,5,3,5,NA,NA,4,no,yes,no,yes,no,no,no,no,no,no,no,no
Dactylis_glomerata,http://www.worldfloraonline.org/taxon/wfo-0000861498,na,Poaceae,top-grass,NA,NA,NA,no,NA,7,NA,3,5,NA,NA,6,no,yes,no,no,no,no,no,no,no,no,no,no
Daucus_carota,http://www.worldfloraonline.org/taxon/wfo-0000638442,na,Apiaceae,herb,NA,NA,NA,no,3542,8,6,5,4,NA,NA,4,yes,no,no,yes,no,no,no,no,no,no,no,no
Deschampsia_cespitosa,http://www.worldfloraonline.org/taxon/wfo-0000862467,na,Poaceae,top-grass,NA,NA,NA,no,NA,6,NA,NA,7,1,NA,3,no,yes,no,no,no,no,no,no,no,no,no,no
Dianthus_carthusianorum,http://www.worldfloraonline.org/taxon/wfo-0000643249,na,Caryophyllaceae,herb,BG,V,NA,no,5320,8,5,4,3,NA,7,2,yes,no,no,no,yes,no,3,3,no,no,no,no
Dianthus_deltoides,http://www.worldfloraonline.org/taxon/wfo-0000643427,na,Caryophyllaceae,herb,BG,V,NA,no,5112,8,5,4,3,NA,3,2,yes,no,no,no,no,no,3,3,no,no,no,no
Dipsacus_fullonum,http://www.worldfloraonline.org/taxon/wfo-0000651022,na,Caprifoliaceae,herb,NA,NA,NA,no,3500,9,6,3,6,1,8,7,no,no,no,no,no,no,no,no,no,no,no,yes
Echium_vulgare,http://www.worldfloraonline.org/taxon/wfo-0000663145,na,Boraginaceae,herb,NA,NA,NA,no,3542,9,6,3,4,NA,8,4,yes,no,no,no,no,no,no,no,no,no,no,no
Elymus_repens,http://www.worldfloraonline.org/taxon/wfo-0000866643,Agropyron_repens,Poaceae,top-grass,NA,NA,NA,no,3610,7,6,7,NA,1,NA,7,no,no,no,no,no,no,no,no,no,no,no,no
Equisetum_arvense,http://www.worldfloraonline.org/taxon/wfo-0001108914,na,Equisetaceae,herb,NA,NA,NA,no,NA,6,NA,NA,6,1,NA,3,no,no,no,no,no,no,no,no,no,no,no,yes
Erigeron_annuus,http://www.worldfloraonline.org/taxon/wfo-0000069875,na,Asteraceae,herb,NA,NA,NA,yes,3500,7,6,NA,6,NA,NA,8,yes,no,no,no,no,no,no,no,no,no,no,no
Erophila_verna,http://www.worldfloraonline.org/taxon/wfo-0000677261,Draba_verna,Brassicaceae,herb,BG,NA,NA,no,5200,8,6,3,NA,NA,NA,2,no,no,no,no,no,no,no,no,no,no,no,yes
Euonymus_europaeus,http://www.worldfloraonline.org/taxon/wfo-0000681728,NA,Celastraceae,shrub,NA,NA,NA,no,0,6,5,3,5,no,8,5,no,no,no,no,no,no,no,no,no,no,no,no
Euphorbia_cyparissias,http://www.worldfloraonline.org/taxon/wfo-0000961626,na,Euphorbiaceae,herb,NA,NA,NA,no,5300,8,NA,4,3,NA,NA,3,yes,no,no,no,no,no,4,no,no,no,no,no
Euphorbia_esula,http://www.worldfloraonline.org/taxon/wfo-0000961974,na,Euphorbiaceae,herb,NA,NA,3,no,NA,8,6,5,4,NA,8,NA,yes,no,no,no,no,no,no,no,no,no,no,no
Euphorbia_verrucosa,http://www.worldfloraonline.org/taxon/wfo-0000965311,na,Euphorbiaceae,herb,NA,V,NA,no,5322,8,6,2,3,NA,9,3,yes,no,no,no,yes,no,no,3,no,no,no,no
Falcaria_vulgaris,http://www.worldfloraonline.org/taxon/wfo-0000685760,na,Apiaceae,herb,NA,NA,NA,no,3611,7,7,6,3,NA,9,NA,yes,no,no,no,no,no,no,no,no,no,no,no
Festuca_arundinacea,http://www.worldfloraonline.org/taxon/wfo-0000869819,na,Poaceae,top-grass,NA,NA,NA,no,3811,8,5,NA,7,1,7,4,no,yes,no,no,no,4,no,no,no,no,no,no
Festuca_ovina,http://www.worldfloraonline.org/taxon/wfo-0000871222,na,Poaceae,sub-grass,NA,NA,NA,no,NA,9,7,4,2,NA,NA,1,no,yes,no,no,yes,no,3,no,no,no,no,no
Festuca_pratensis,http://www.worldfloraonline.org/taxon/wfo-0000871673,na,Poaceae,top-grass,NA,NA,NA,no,5400,8,NA,3,6,NA,NA,6,no,yes,no,yes,no,no,no,no,no,no,no,no
Festuca_rubra,http://www.worldfloraonline.org/taxon/wfo-0000871854,na,Poaceae,sub-grass,NA,NA,NA,no,5400,NA,NA,NA,NA,NA,NA,NA,no,yes,no,yes,no,no,4,no,no,no,no,no
Filipendula_ulmaria,http://www.worldfloraonline.org/taxon/wfo-0000983427,na,Rosaceae,herb,NA,NA,NA,no,5412,7,5,NA,8,NA,NA,4,no,no,no,no,no,3,no,no,no,no,no,no
Filipendula_vulgaris,http://www.worldfloraonline.org/taxon/wfo-0000999867,na,Rosaceae,herb,NA,3,3,no,8423,7,6,5,3,1,8,2,yes,no,no,no,yes,no,no,3,no,no,no,no
Foeniculum_vulgare,http://www.worldfloraonline.org/taxon/wfo-0000691487,NA,Apiaceae,herb,NA,NA,NA,no,0,NA,NA,NA,NA,NA,NA,NA,no,no,no,no,no,no,no,no,no,no,no,no
Fragaria_vesca,http://www.worldfloraonline.org/taxon/wfo-0000993770,na,Rosaceae,herb,NA,NA,NA,no,6200,7,NA,5,5,NA,NA,6,yes,no,no,no,no,no,no,no,no,no,no,no
Fragaria_viridis,http://www.worldfloraonline.org/taxon/wfo-0001007688,NA,Rosaceae,herb,NA,NA,NA,no,0,7,5,5,3,no,8,3,no,no,no,no,no,no,3,no,no,no,no,no
Galium_mollugo,http://www.worldfloraonline.org/taxon/wfo-0000969499,na,Rubiaceae,herb,NA,D,NA,no,5421,7,6,3,4,NA,7,NA,yes,no,yes,yes,no,no,no,no,no,no,no,no
Galium_verum,http://www.worldfloraonline.org/taxon/wfo-0000970562,na,Rubiaceae,herb,NA,NA,NA,no,5300,7,6,NA,4,1,7,3,yes,no,no,no,no,no,no,no,no,no,no,no
Geranium_dissectum,http://www.worldfloraonline.org/taxon/wfo-0000700368,na,Geraniaceae,herb,NA,NA,NA,no,3311,6,6,3,5,NA,8,5,yes,no,no,no,no,no,no,no,no,no,no,no
Geranium_molle,http://www.worldfloraonline.org/taxon/wfo-0000700868,na,Geraniaceae,herb,NA,NA,NA,no,5423,7,6,3,4,NA,5,4,yes,no,no,no,no,no,no,no,no,no,no,no
Geranium_pratense,http://www.worldfloraonline.org/taxon/wfo-0000701108,na,Geraniaceae,herb,NA,NA,NA,no,5421,8,6,5,5,NA,8,7,yes,no,yes,no,no,no,no,no,no,no,no,no
Geranium_pusillum,http://www.worldfloraonline.org/taxon/wfo-0000701157,na,Geraniaceae,herb,NA,NA,NA,no,3300,7,6,5,4,NA,NA,7,yes,no,no,no,no,no,no,no,no,no,no,no
Geranium_pyrenaicum,http://www.worldfloraonline.org/taxon/wfo-0000701169,na,Geraniaceae,herb,NA,NA,NA,yes,3500,8,6,4,5,NA,7,8,yes,no,no,no,no,no,no,no,no,no,no,no
Geum_urbanum,http://www.worldfloraonline.org/taxon/wfo-0001013476,na,Rosaceae,herb,NA,NA,NA,no,8430,4,5,5,5,NA,NA,7,yes,no,no,no,no,no,no,no,no,no,no,no
Glechoma_hederacea,http://www.worldfloraonline.org/taxon/wfo-0000972872,na,Lamiaceae,herb,NA,NA,NA,no,3530,6,6,3,6,NA,NA,7,yes,no,no,no,no,no,no,no,no,no,no,no
Helianthemum_nummularium,http://www.worldfloraonline.org/taxon/wfo-0000717621,na,Cistaceae,herb,NA,3,3,no,5300,7,6,4,3,NA,7,1,yes,no,no,no,yes,no,2,no,no,no,no,no
Helictotrichon_pubescens,http://www.worldfloraonline.org/taxon/wfo-0000873950,Avenochloa_pubescens,Poaceae,top-grass,NA,NA,NA,no,5420,5,NA,3,NA,NA,NA,4,no,yes,no,yes,no,no,no,no,no,no,no,no
Heracleum_sphondylium,http://www.worldfloraonline.org/taxon/wfo-0000720220,na,Apiaceae,herb,NA,NA,NA,no,5420,7,5,2,5,NA,NA,8,no,no,no,no,no,no,no,no,yes,yes,no,no
Hippocrepis_comosa,http://www.worldfloraonline.org/taxon/wfo-0000213796,na,Fabaceae,legume,NA,V,NA,no,5320,7,5,2,3,NA,7,2,yes,no,no,no,yes,no,no,no,no,no,no,no
Holcus_lanatus,http://www.worldfloraonline.org/taxon/wfo-0000874509,na,Poaceae,sub-grass,NA,NA,NA,no,5400,7,6,3,6,NA,NA,4,no,yes,no,yes,no,4,no,no,no,no,no,no
Hypericum_perforatum,http://www.worldfloraonline.org/taxon/wfo-0000728093,na,Hypericaceae,herb,NA,NA,NA,no,6100,7,6,5,4,NA,6,3,yes,no,no,no,no,no,4,no,no,no,no,no
Hypochaeris_radicata,http://www.worldfloraonline.org/taxon/wfo-0000074809,na,Asteraceae,herb,NA,NA,NA,no,5000,8,5,3,5,NA,4,3,yes,no,no,no,no,no,4,no,no,no,no,no
Jacobaea_vulgaris,http://www.worldfloraonline.org/taxon/wfo-0000031875,Senecio_jacobaea,Asteraceae,herb,NA,NA,NA,no,5423,8,5,3,4,1,7,5,no,no,no,no,no,no,no,no,no,no,no,no
Juglans_regia,http://www.worldfloraonline.org/taxon/wfo-0000355051,NA,Juglandaceae,tree,NA,NA,NA,no,0,6,8,2,6,NA,7,7,no,no,no,no,no,no,no,no,no,no,no,no
Knautia_arvensis,http://www.worldfloraonline.org/taxon/wfo-0000356720,na,Caprifoliaceae,herb,NA,NA,NA,no,5420,7,6,3,4,NA,NA,4,yes,no,yes,yes,no,no,no,no,no,no,no,no
Koeleria_pyramidata,http://www.worldfloraonline.org/taxon/wfo-0000877284,na,Poaceae,sub-grass,NA,V,NA,no,5320,7,6,4,4,NA,7,2,no,yes,no,no,yes,no,2,no,no,no,no,no
Lactuca_serriola,http://www.worldfloraonline.org/taxon/wfo-0000015140,na,Asteraceae,herb,NA,NA,NA,no,3000,9,7,7,4,NA,NA,4,no,no,no,no,no,no,no,no,no,no,no,yes
Lathyrus_pratensis,http://www.worldfloraonline.org/taxon/wfo-0000212701,na,Fabaceae,legume,NA,NA,NA,no,5400,7,5,NA,6,NA,7,6,yes,no,no,yes,no,no,no,no,no,no,no,no
Lathyrus_sylvestris,http://www.worldfloraonline.org/taxon/wfo-0000213824,na,Fabaceae,legume,NA,NA,NA,no,6110,7,6,4,4,NA,8,2,no,no,no,no,no,no,no,no,no,no,no,no
Leontodon_hispidus,http://www.worldfloraonline.org/taxon/wfo-0000018147,na,Asteraceae,herb,NA,NA,NA,no,5000,8,NA,3,5,NA,7,6,yes,no,no,no,no,no,4,no,no,no,no,no
Lepidium_ruderale,http://www.worldfloraonline.org/taxon/wfo-0000358755,na,Brassicaceae,herb,NA,NA,NA,no,3711,9,6,7,4,NA,NA,6,no,no,no,no,no,no,no,no,no,no,no,yes
Leucanthemum_vulgare,http://www.worldfloraonline.org/taxon/wfo-0000036932,na,Asteraceae,herb,NA,NA,NA,no,5420,7,NA,3,4,NA,NA,3,yes,no,no,yes,no,no,4,no,no,no,no,no
Linaria_vulgaris,http://www.worldfloraonline.org/taxon/wfo-0000446438,na,Plantaginaceae,herb,NA,NA,NA,no,3540,8,6,5,4,NA,7,5,no,no,no,no,no,no,no,no,no,no,no,yes
Linum_catharticum,http://www.worldfloraonline.org/taxon/wfo-0000363831,na,Linaceae,herb,BG,NA,NA,no,5410,7,NA,3,NA,NA,7,2,yes,no,no,no,yes,no,3,no,no,no,no,no
Lolium_perenne,http://www.worldfloraonline.org/taxon/wfo-0000878441,na,Poaceae,sub-grass,NA,NA,NA,no,5423,8,6,3,5,NA,7,7,no,no,no,no,no,no,no,no,yes,yes,yes,no
Lotus_corniculatus,http://www.worldfloraonline.org/taxon/wfo-0000212180,na,Fabaceae,legume,NA,NA,NA,no,5000,7,NA,3,4,NA,7,3,yes,no,no,no,no,no,4,no,no,no,no,no
Lysimachia_nummularia,http://www.worldfloraonline.org/taxon/wfo-0000442792,na,Primulaceae,herb,NA,NA,NA,no,NA,4,6,4,6,1,NA,NA,yes,no,no,no,no,no,no,no,no,no,no,no
Lysimachia_vulgaris,http://www.worldfloraonline.org/taxon/wfo-0000442301,na,Primulaceae,herb,NA,NA,NA,no,NA,6,NA,NA,8,1,NA,NA,yes,no,no,no,no,4,no,no,no,no,no,no
Malva_moschata,http://www.worldfloraonline.org/taxon/wfo-0000449199,na,Malvaceae,herb,NA,NA,3,no,5421,8,6,3,4,NA,7,4,yes,no,no,no,no,no,no,no,no,no,no,no
Matricaria_chamomilla,http://www.worldfloraonline.org/taxon/wfo-0000003146,na,Asteraceae,herb,NA,NA,NA,no,3421,7,6,5,5,NA,5,5,no,no,no,no,no,no,no,no,no,no,no,yes
Medicago_falcata,http://www.worldfloraonline.org/taxon/wfo-0000213426,na,Fabaceae,legume,NA,NA,NA,no,6112,8,6,7,3,NA,9,3,yes,no,no,no,yes,no,4,no,no,no,no,no
Medicago_lupulina,http://www.worldfloraonline.org/taxon/wfo-0000213454,na,Fabaceae,legume,NA,NA,NA,no,5322,7,5,NA,4,NA,8,NA,yes,no,no,yes,no,no,no,no,no,no,no,no
Medicago_minima,http://www.worldfloraonline.org/taxon/wfo-0000185370,na,Fabaceae,legume,NA,V,NA,no,NA,9,7,3,3,NA,8,2,yes,no,no,no,no,no,no,2,no,no,no,no
Medicago_sativa,http://www.worldfloraonline.org/taxon/wfo-0000213468,na,Fabaceae,legume,NA,NA,NA,yes,NA,8,6,6,4,NA,7,NA,yes,no,no,no,no,no,no,no,no,no,no,no
Melilotus_officinalis,http://www.worldfloraonline.org/taxon/wfo-0000213864,na,Fabaceae,legume,NA,NA,NA,no,3542,8,6,6,3,NA,8,3,no,no,no,no,no,no,no,no,no,no,no,yes
Mentha_longifolia,http://www.worldfloraonline.org/taxon/wfo-0000240918,na,Lamiaceae,herb,NA,NA,NA,no,3811,7,5,4,8,2,9,7,yes,no,no,no,no,4,no,no,no,no,no,no
Mentha_spicata,http://www.worldfloraonline.org/taxon/wfo-0000241390,NA,Lamiaceae,herb,NA,NA,NA,yes,0,NA,NA,NA,NA,NA,NA,NA,no,no,no,no,no,no,no,no,no,no,no,no
Myosotis_arvensis,http://www.worldfloraonline.org/taxon/wfo-0000367842,na,Boraginaceae,herb,NA,NA,NA,no,3400,6,6,5,5,NA,NA,6,yes,no,no,no,no,no,no,no,no,no,no,no
Nardus_stricta,http://www.worldfloraonline.org/taxon/wfo-0000881131,na,Poaceae,sub-grass,NA,V,NA,no,5110,8,NA,3,NA,1,2,2,no,yes,no,no,no,2,2,2,no,no,no,no
Oenothera_biennis,http://www.worldfloraonline.org/taxon/wfo-0000389564,na,Onagraceae,herb,NA,NA,NA,yes,3542,9,7,3,4,NA,NA,4,yes,no,no,no,no,no,no,no,no,no,no,yes
Onobrychis_viciifolia,http://www.worldfloraonline.org/taxon/wfo-0000205013,na,Fabaceae,legume,NA,NA,NA,yes,5322,8,7,6,3,NA,8,3,yes,no,no,no,no,no,4,no,no,no,no,no
Ononis_spinosa,http://www.worldfloraonline.org/taxon/wfo-0000183372,na,Fabaceae,legume,NA,NA,NA,no,5322,8,6,5,4,1,7,3,yes,no,no,no,no,no,3,no,no,no,no,no
Ononis_spinosa_ssp_procurrens,http://www.worldfloraonline.org/taxon/wfo-0000186975,Ononis_repens,Fabaceae,legume,NA,NA,NA,no,5322,8,5,2,4,1,7,2,yes,no,no,no,no,no,no,no,no,no,no,no
Origanum_vulgare,http://www.worldfloraonline.org/taxon/wfo-0000260765,na,Lamiaceae,herb,NA,NA,NA,no,6110,7,NA,3,3,NA,8,3,yes,no,no,no,no,no,no,no,no,no,no,no
Orobanche_spec,http://www.worldfloraonline.org/taxon/wfo-4000027206,na,Orobanchaceae,parasite,NA,NA,NA,no,NA,NA,NA,NA,NA,NA,NA,NA,yes,no,no,no,yes,no,2,no,no,no,no,no
Papaver_rhoeas,http://www.worldfloraonline.org/taxon/wfo-0000481006,na,Papaveraceae,herb,NA,NA,NA,no,3400,6,6,3,5,NA,7,6,no,no,no,no,no,no,no,no,no,no,no,yes
Parthenocissus_inserta,http://www.worldfloraonline.org/taxon/wfo-0000476975,na,Vitaceae,liana,NA,NA,NA,yes,NA,NA,NA,NA,NA,NA,NA,NA,no,no,no,no,no,no,no,no,no,no,no,no
Persicaria_amphibia,http://www.worldfloraonline.org/taxon/wfo-0000488056,Polygonum_amphibium,Polygonaceae,herb,NA,NA,NA,no,1312,7,6,NA,11,NA,6,4,yes,no,no,no,no,no,no,no,no,no,no,no
Peucedanum_officinale,http://www.worldfloraonline.org/taxon/wfo-0000391810,na,Apiaceae,herb,NA,3,2,no,8423,7,7,5,4,1,8,2,yes,no,no,no,no,no,no,no,no,no,no,no
Peucedanum_oreoselinum,http://www.worldfloraonline.org/taxon/wfo-0000391827,na,Apiaceae,herb,NA,V,NA,no,6112,6,6,4,3,NA,6,2,yes,no,no,no,no,no,2,2,no,no,no,no
Phalaris_arundinacea,http://www.worldfloraonline.org/taxon/wfo-0000889610,na,Poaceae,top-grass,NA,NA,NA,no,1510,7,5,NA,9,2,7,7,no,no,no,no,no,4,no,no,no,no,no,no
Phleum_phleoides,http://www.worldfloraonline.org/taxon/wfo-0000890086,na,Poaceae,top-grass,NA,V,NA,no,5300,8,6,7,3,NA,8,2,no,yes,no,no,yes,no,no,no,no,no,no,no
Phleum_pratense,http://www.worldfloraonline.org/taxon/wfo-0000890092,na,Poaceae,top-grass,NA,NA,NA,no,5423,7,NA,5,5,NA,NA,6,no,no,no,no,no,no,no,no,yes,yes,no,no
Phyteuma_spicatum,http://www.worldfloraonline.org/taxon/wfo-0000816739,na,Poaceae,top-grass,NA,NA,NA,no,8430,NA,NA,4,5,NA,6,5,no,no,no,no,no,3,no,no,no,no,no,no
Pilosella_caespitosa,http://www.worldfloraonline.org/taxon/wfo-0000118413,Hieracium_caespitosum,Asteraceae,herb,NA,V,3,no,5000,8,5,6,7,1,7,3,yes,no,no,no,no,no,no,no,no,no,no,no
Pilosella_officinarum,http://www.worldfloraonline.org/taxon/wfo-0000068649,Hieracium_pilosella,Asteraceae,herb,NA,NA,NA,no,5000,7,NA,3,4,NA,NA,2,yes,no,no,no,no,no,3,no,no,no,no,no
Pilosella_piloselloides,http://www.worldfloraonline.org/taxon/wfo-0000032468,Hieracium_piloselloides,Asteraceae,herb,NA,NA,NA,no,4441,9,6,4,4,1,8,2,yes,no,no,no,no,no,no,no,no,no,no,no
Pimpinella_major,http://www.worldfloraonline.org/taxon/wfo-0000391450,na,Apiaceae,herb,NA,NA,NA,no,5420,7,5,2,5,NA,7,7,yes,no,no,no,no,no,no,no,no,no,no,no
Pimpinella_saxifraga,http://www.worldfloraonline.org/taxon/wfo-0000391166,na,Apiaceae,herb,NA,NA,NA,no,5300,7,NA,5,3,NA,NA,2,yes,no,yes,yes,no,no,no,no,no,no,no,no
Plantago_lanceolata,http://www.worldfloraonline.org/taxon/wfo-0000486603,na,Plantaginaceae,herb,NA,NA,NA,no,5400,6,NA,3,NA,NA,NA,NA,yes,no,no,yes,no,no,no,no,no,no,no,no
Plantago_major_ssp_intermedia,http://www.worldfloraonline.org/taxon/wfo-0000745393,Plantago_intermedia,Plantaginaceae,herb,NA,NA,NA,no,3811,7,6,NA,7,2,5,4,yes,no,no,no,yes,no,4,no,no,no,no,no
Plantago_media,http://www.worldfloraonline.org/taxon/wfo-0000486573,na,Plantaginaceae,herb,NA,NA,NA,no,5000,7,NA,7,4,NA,7,3,yes,no,no,no,no,no,no,no,no,no,no,no
Poa_angustifolia,http://www.worldfloraonline.org/taxon/wfo-0000891510,na,Poaceae,sub-grass,NA,NA,NA,no,5300,7,6,NA,NA,NA,NA,3,yes,no,no,no,no,no,4,no,no,no,no,no
Poa_annua,http://www.worldfloraonline.org/taxon/wfo-0000891536,na,Poaceae,sub-grass,NA,NA,NA,no,NA,7,NA,5,6,NA,NA,8,no,no,no,no,no,no,no,no,no,no,yes,no
Poa_compressa,http://www.worldfloraonline.org/taxon/wfo-0000892001,na,Poaceae,sub-grass,NA,NA,NA,no,3610,9,NA,4,3,NA,9,3,no,yes,no,no,no,no,no,no,no,no,no,no
Poa_pratensis,http://www.worldfloraonline.org/taxon/wfo-0000893396,na,Poaceae,sub-grass,NA,NA,NA,no,5400,6,NA,NA,5,NA,NA,6,no,yes,no,yes,no,no,no,no,no,no,no,no
Poa_trivialis,http://www.worldfloraonline.org/taxon/wfo-0000894135,na,Poaceae,sub-grass,NA,NA,NA,no,5400,6,NA,3,7,NA,NA,7,no,no,no,no,no,no,no,no,yes,yes,no,no
Polygala_amarella,http://www.worldfloraonline.org/taxon/wfo-0000484045,na,Polygalaceae,herb,NA,V,NA,no,NA,9,NA,4,9,NA,9,1,yes,no,no,no,no,2,no,no,no,no,no,no
Polygala_vulgaris,http://www.worldfloraonline.org/taxon/wfo-0000488110,na,Polygalaceae,herb,NA,V,NA,no,5112,7,NA,3,5,NA,3,2,yes,no,no,no,no,3,2,2,no,no,no,no
Polygonatum_multiflorum,http://www.worldfloraonline.org/taxon/wfo-0000716086,na,Asparagaceae,herb,NA,NA,NA,no,8430,2,NA,5,5,NA,6,5,no,no,no,no,no,no,no,no,no,no,no,no
Polygonum_aviculare,http://www.worldfloraonline.org/taxon/wfo-0000489656,na,Polygonaceae,herb,NA,NA,NA,no,3711,7,6,NA,4,NA,NA,6,no,no,no,no,no,no,no,no,no,no,no,yes
Potentilla_anserina,http://www.worldfloraonline.org/taxon/wfo-0001016615,na,Rosaceae,herb,NA,NA,NA,no,3811,7,6,NA,6,1,NA,7,yes,no,no,no,no,no,no,no,no,no,no,no
Potentilla_argentea,http://www.worldfloraonline.org/taxon/wfo-0001016312,na,Rosaceae,herb,NA,NA,NA,no,5200,9,6,3,2,NA,3,1,yes,no,no,no,no,no,no,no,no,no,no,no
Potentilla_grandiflora,http://www.worldfloraonline.org/taxon/wfo-0000983686,Potentilla_verna,Rosaceae,herb,NA,V,NA,no,5114,8,6,4,3,NA,7,2,yes,no,no,no,no,no,no,no,no,no,no,no
Potentilla_recta,http://www.worldfloraonline.org/taxon/wfo-0000983388,na,Rosaceae,herb,NA,NA,NA,no,5200,9,7,5,3,NA,5,2,yes,no,no,no,no,no,3,no,no,no,no,no
Potentilla_reptans,http://www.worldfloraonline.org/taxon/wfo-0001011690,na,Rosaceae,herb,NA,NA,NA,no,3811,6,6,3,6,NA,7,5,yes,no,no,no,no,no,no,no,no,no,no,no
Prunella_vulgaris,http://www.worldfloraonline.org/taxon/wfo-0000283746,na,Lamiaceae,herb,NA,NA,NA,no,5400,7,NA,3,5,NA,7,NA,yes,no,no,yes,no,no,no,no,no,no,no,no
Quercus_robur,http://www.worldfloraonline.org/taxon/wfo-0000292858,NA,Fagaceae,tree,NA,NA,NA,no,0,7,5,5,NA,no,NA,NA,no,no,no,no,no,no,no,no,no,no,no,no
Ranunculus_acris,http://www.worldfloraonline.org/taxon/wfo-0000461396,na,Ranunculaceae,herb,NA,NA,NA,no,5400,7,NA,3,6,NA,NA,NA,yes,no,no,yes,no,no,no,no,no,no,no,no
Ranunculus_bulbosus,http://www.worldfloraonline.org/taxon/wfo-0000461562,na,Ranunculaceae,herb,NA,NA,NA,no,5322,8,6,3,3,NA,7,3,yes,no,no,no,yes,no,4,no,no,no,no,no
Ranunculus_repens,http://www.worldfloraonline.org/taxon/wfo-0000463198,na,Ranunculaceae,herb,NA,NA,NA,no,NA,6,NA,NA,7,1,NA,NA,no,no,no,no,no,no,no,no,no,no,yes,no
Ranunculus_serpens_ssp_nemorosus,http://www.worldfloraonline.org/taxon/wfo-0000462219,Ranunculus_nemorosus,Ranunculaceae,herb,NA,V,NA,no,NA,6,NA,4,5,NA,6,NA,yes,no,no,no,no,no,no,no,no,no,no,no
Ranunculus_spec,http://www.worldfloraonline.org/taxon/wfo-4000032540,NA,Ranunculaceae,herb,NA,NA,NA,NA,NA,NA,NA,NA,NA,NA,NA,NA,no,no,no,no,no,no,no,no,no,no,no,no
Reseda_lutea,http://www.worldfloraonline.org/taxon/wfo-0000462651,na,Resedaceae,herb,NA,NA,NA,no,3540,7,6,3,3,NA,8,5,yes,no,no,no,no,no,no,no,no,no,no,no
Rhinanthus_alectorolophus,http://www.worldfloraonline.org/taxon/wfo-0000463700,na,Orobanchaceae,hemiparasite,NA,NA,NA,no,NA,8,NA,2,4,NA,7,3,yes,no,no,no,no,no,4,no,no,no,no,no
Rhinanthus_glacialis,http://www.worldfloraonline.org/taxon/wfo-0001138801,na,Orobanchaceae,hemiparasite,NA,V,NA,no,5111,8,3,4,5,NA,4,2,yes,no,no,no,yes,no,no,2,no,no,no,no
Rhinanthus_minor,http://www.worldfloraonline.org/taxon/wfo-0000747233,na,Orobanchaceae,hemiparasite,NA,NA,NA,no,5400,7,5,3,NA,NA,NA,3,no,no,no,no,no,no,4,no,no,no,no,no
Rhinanthus_serotinus,http://www.worldfloraonline.org/taxon/wfo-0000464097,na,Orobanchaceae,hemiparasite,NA,3,NA,no,NA,7,5,3,6,1,7,2,yes,no,no,no,yes,no,3,no,no,no,no,no
Rosa_canina,http://www.worldfloraonline.org/taxon/wfo-0001005999,na,Rosaceae,halfshrub,NA,NA,NA,no,8440,8,5,3,4,NA,NA,NA,no,no,no,no,no,no,no,no,no,no,no,no
Rubus_caesius,http://www.worldfloraonline.org/taxon/wfo-0001017340,na,Rosaceae,halfshrub,NA,NA,NA,no,NA,6,5,4,NA,NA,8,7,no,no,no,no,no,no,no,no,no,yes,no,no
Rubus_fruticosus,http://www.worldfloraonline.org/taxon/wfo-0000984598,na,Rosaceae,halfshrub,NA,NA,NA,no,8000,NA,NA,NA,NA,NA,NA,NA,no,no,no,no,no,no,no,no,no,yes,no,no
Rumex_acetosa,http://www.worldfloraonline.org/taxon/wfo-0000403595,na,Polygonaceae,herb,NA,NA,NA,no,5400,8,NA,NA,NA,NA,NA,6,yes,no,no,yes,no,no,no,no,no,no,no,no
Rumex_crispus,http://www.worldfloraonline.org/taxon/wfo-0000403671,na,Polygonaceae,herb,NA,NA,NA,no,3811,7,5,3,7,1,NA,5,no,no,no,no,no,no,no,no,yes,yes,no,no
Rumex_obtusifolius,http://www.worldfloraonline.org/taxon/wfo-0000403904,na,Polygonaceae,herb,NA,NA,NA,no,3811,7,5,3,6,NA,NA,9,no,no,no,no,no,no,no,no,yes,yes,no,no
Salix_cinerea,http://www.worldfloraonline.org/taxon/wfo-0000929149,NA,Salicaceae,tree,NA,NA,NA,no,0,7,NA,5,9,1,5,4,no,no,no,no,no,no,no,no,no,no,no,no
Salvia_nemorosa,http://www.worldfloraonline.org/taxon/wfo-0000301687,na,Lamiaceae,herb,NA,NA,2,no,3541,7,7,NA,4,NA,9,4,yes,no,no,no,no,no,no,no,no,no,no,no
Salvia_pratensis,http://www.worldfloraonline.org/taxon/wfo-0000301989,na,Lamiaceae,herb,NA,V,NA,no,5300,8,6,4,3,NA,8,4,yes,no,no,no,no,no,3,no,no,no,no,no
Sanguisorba_minor,http://www.worldfloraonline.org/taxon/wfo-0001015888,na,Rosaceae,herb,NA,NA,NA,no,5300,7,6,5,3,NA,8,2,yes,no,no,no,yes,no,3,no,no,no,no,no
Sanguisorba_officinalis,http://www.worldfloraonline.org/taxon/wfo-0000983287,na,Rosaceae,herb,NA,V,NA,no,5400,7,5,7,7,NA,NA,NA,yes,no,no,no,no,4,no,no,no,no,no,no
Saponaria_officinalis,http://www.worldfloraonline.org/taxon/wfo-0000438211,na,Caryophyllaceae,herb,NA,NA,NA,no,3611,7,6,3,5,NA,7,5,yes,no,no,no,no,no,no,no,no,no,no,no
Scabiosa_columbaria,http://www.worldfloraonline.org/taxon/wfo-0000500277,na,Caprifoliaceae,herb,NA,NA,NA,no,5320,8,5,2,3,NA,8,3,yes,no,no,no,yes,no,3,3,no,no,no,no
Scrophularia_umbrosa,http://www.worldfloraonline.org/taxon/wfo-0000496178,na,Scrophulariaceae,herb,NA,NA,NA,no,3521,7,6,5,9,2,8,7,no,no,no,no,no,no,no,no,no,no,no,no
Securigera_varia,http://www.worldfloraonline.org/taxon/wfo-0000186576,Coronilla_varia,Fabaceae,legume,NA,NA,NA,no,6110,7,6,5,4,NA,9,3,yes,no,no,no,no,no,4,no,no,no,no,no
Sedum_acre,http://www.worldfloraonline.org/taxon/wfo-0000437124,na,Crassulaceae,herb,NA,NA,NA,no,5200,8,6,3,2,NA,NA,1,yes,no,no,no,no,no,no,3,no,no,no,no
Sedum_sexangulare,http://www.worldfloraonline.org/taxon/wfo-0000437960,na,Crassulaceae,herb,NA,NA,NA,no,5200,7,5,4,2,NA,6,1,yes,no,no,no,no,no,no,3,no,no,no,no
Setaria_viridis,http://www.worldfloraonline.org/taxon/wfo-0000899679,na,Poaceae,sub-grass,NA,NA,NA,no,3300,7,6,NA,4,NA,NA,7,no,no,no,no,no,no,no,no,no,no,no,yes
Silaum_silaus,http://www.worldfloraonline.org/taxon/wfo-0000434202,na,Apiaceae,herb,NA,V,NA,no,5410,7,6,5,NA,1,7,2,yes,no,no,no,no,4,no,no,no,no,no,no
Silene_dioica,http://www.worldfloraonline.org/taxon/wfo-0000440478,na,Caryophyllaceae,herb,NA,NA,NA,no,NA,NA,NA,4,6,NA,7,8,no,no,no,no,no,no,no,no,no,no,no,no
Silene_flos-cuculi,http://www.worldfloraonline.org/taxon/wfo-0000438691,Lychnis_flos-cuculi,Caryophyllaceae,herb,NA,NA,NA,no,5410,7,5,3,7,1,NA,NA,yes,no,no,no,no,4,no,no,no,no,no,no
Silene_gallica,http://www.worldfloraonline.org/taxon/wfo-0000440573,na,Caryophyllaceae,herb,NA,1,NA,no,3400,7,7,3,4,NA,7,6,no,no,no,no,no,no,no,no,no,no,no,no
Silene_latifolia_ssp_alba,http://www.worldfloraonline.org/taxon/wfo-0000440845,na,Caryophyllaceae,herb,NA,NA,NA,no,3000,8,6,NA,4,NA,NA,7,yes,no,no,no,no,no,no,no,no,no,no,no
Silene_vulgaris,http://www.worldfloraonline.org/taxon/wfo-0000440200,na,Caryophyllaceae,herb,NA,NA,NA,no,NA,8,NA,NA,4,1,7,2,yes,no,no,no,no,no,3,no,no,no,no,no
Sisymbrium_officinale,http://www.worldfloraonline.org/taxon/wfo-0000432010,na,Brassicaceae,herb,NA,NA,NA,no,3331,8,6,5,4,NA,NA,7,no,no,no,no,no,no,no,no,no,no,no,yes
Solidago_canadensis,http://www.worldfloraonline.org/taxon/wfo-0000060775,na,Asteraceae,herb,NA,NA,NA,yes,3500,8,6,5,NA,NA,NA,6,no,no,no,no,no,no,no,no,no,no,no,no
Solidago_gigantea,http://www.worldfloraonline.org/taxon/wfo-0000130517,na,Asteraceae,herb,NA,NA,NA,yes,3500,8,6,5,6,NA,NA,7,no,no,no,no,no,no,no,no,no,no,no,no
Sonchus_arvensis,http://www.worldfloraonline.org/taxon/wfo-0000092611,na,Asteraceae,herb,NA,NA,NA,no,3310,7,5,NA,5,1,7,NA,no,no,no,no,no,no,no,no,no,no,no,yes
Sonchus_asper,http://www.worldfloraonline.org/taxon/wfo-0000031264,na,Asteraceae,herb,NA,NA,NA,no,3310,7,5,NA,6,NA,7,7,yes,no,no,no,no,no,no,no,no,no,no,no
Stachys_officinalis,http://www.worldfloraonline.org/taxon/wfo-0000314333,Betonica_officinalis,Lamiaceae,herb,NA,V,NA,no,5411,7,6,5,NA,1,NA,3,yes,no,no,no,no,3,4,no,no,no,no,no
Stachys_palustris,http://www.worldfloraonline.org/taxon/wfo-0000314357,na,Lamiaceae,herb,NA,NA,NA,no,5412,7,5,NA,7,1,7,6,yes,no,no,no,no,no,no,no,no,no,no,no
Stellaria_graminea,http://www.worldfloraonline.org/taxon/wfo-0000436380,na,Caryophyllaceae,herb,NA,NA,NA,no,NA,6,NA,NA,4,NA,4,3,yes,no,no,yes,no,no,no,no,no,no,no,no
Symphytum_officinale,http://www.worldfloraonline.org/taxon/wfo-0000432219,na,Boraginaceae,herb,NA,NA,NA,no,NA,7,6,3,8,NA,NA,8,no,no,no,no,no,no,no,no,no,yes,no,no
Tanacetum_vulgare,http://www.worldfloraonline.org/taxon/wfo-0000114512,na,Asteraceae,herb,NA,NA,NA,no,3542,8,6,4,5,NA,8,5,yes,no,no,no,no,no,no,no,no,no,no,no
Taraxacum_campylodes,http://www.worldfloraonline.org/taxon/wfo-0000093449,Taraxacum_officinale,Asteraceae,herb,NA,NA,NA,no,NA,7,NA,5,NA,NA,NA,7,no,no,no,no,no,no,no,no,yes,yes,no,no
Thalictrum_minus,http://www.worldfloraonline.org/taxon/wfo-0000453930,na,Ranunculaceae,herb,NA,V,G,no,6112,6,NA,7,3,NA,8,3,yes,no,no,no,no,no,no,no,no,no,no,no
Thymus_pulegioides,http://www.worldfloraonline.org/taxon/wfo-0000324607,na,Lamiaceae,herb,NA,NA,NA,no,5000,8,NA,4,4,NA,NA,1,yes,no,no,no,no,no,3,no,no,no,no,no
Tragopogon_pratensis,http://www.worldfloraonline.org/taxon/wfo-0000080363,na,Asteraceae,herb,NA,NA,NA,no,5420,7,6,3,4,NA,7,6,yes,no,yes,yes,no,no,4,no,no,no,no,no
Trifolium_arvense,http://www.worldfloraonline.org/taxon/wfo-0000212967,NA,Fabaceae,legume,NA,NA,NA,no,0,8,6,3,3,no,2,1,no,no,no,no,no,no,3,3,no,no,no,no
Trifolium_campestre,http://www.worldfloraonline.org/taxon/wfo-0000212979,na,Fabaceae,legume,NA,NA,NA,no,5200,8,6,3,4,NA,6,3,yes,no,no,yes,no,no,3,no,no,no,no,no
Trifolium_dubium,http://www.worldfloraonline.org/taxon/wfo-0000212995,na,Fabaceae,legume,NA,NA,NA,no,5421,6,6,3,5,NA,6,5,yes,no,no,yes,no,no,no,no,no,no,no,no
Trifolium_hybridum,http://www.worldfloraonline.org/taxon/wfo-0000213009,na,Fabaceae,legume,NA,NA,NA,yes,3811,7,6,5,6,NA,7,5,yes,no,no,no,no,no,no,no,no,no,no,no
Trifolium_medium,http://www.worldfloraonline.org/taxon/wfo-0000213979,na,Fabaceae,legume,NA,NA,NA,no,6111,7,6,4,4,NA,6,3,yes,no,no,no,no,no,no,no,no,no,no,no
Trifolium_montanum,http://www.worldfloraonline.org/taxon/wfo-0000213031,na,Fabaceae,legume,NA,V,NA,no,5300,8,NA,4,3,1,8,2,yes,no,no,no,yes,no,2,2,no,no,no,no
Trifolium_pratense,http://www.worldfloraonline.org/taxon/wfo-0000213053,na,Fabaceae,legume,NA,NA,NA,no,5400,7,NA,3,NA,NA,NA,NA,yes,no,no,yes,no,no,no,no,no,no,no,no
Trifolium_repens,http://www.worldfloraonline.org/taxon/wfo-0000213062,na,Fabaceae,legume,NA,NA,NA,no,5423,8,NA,NA,5,NA,6,6,no,no,no,no,no,no,no,no,yes,yes,yes,no
Tripleurospermum_maritimum,http://www.worldfloraonline.org/taxon/wfo-0000063085,na,Asteraceae,herb,NA,NA,NA,no,2810,9,6,3,6,2,7,8,no,no,no,no,no,no,no,no,no,no,no,yes
Trisetum_flavescens,http://www.worldfloraonline.org/taxon/wfo-0000905119,na,Poaceae,top-grass,NA,NA,NA,no,5420,7,NA,5,NA,NA,NA,5,no,no,no,yes,no,no,no,no,no,no,no,no
Tussilago_farfara,http://www.worldfloraonline.org/taxon/wfo-0000117140,na,Asteraceae,herb,NA,NA,NA,no,3000,8,NA,3,6,1,8,NA,yes,no,no,no,no,no,no,no,no,no,no,no
Urtica_dioica,http://www.worldfloraonline.org/taxon/wfo-0000416616,na,Urticaceae,herb,NA,NA,NA,no,3500,NA,NA,NA,6,NA,7,8,no,no,no,no,no,no,no,no,yes,yes,no,no
Valeriana_officinalis,http://www.worldfloraonline.org/taxon/wfo-0000426953,na,Caprifoliaceae,herb,NA,NA,NA,no,5410,7,6,5,8,1,7,5,yes,no,no,no,no,4,no,no,no,no,no,no
Verbascum_blattaria,http://www.worldfloraonline.org/taxon/wfo-0000420104,na,Scrophulariaceae,herb,NA,3,3,no,3540,8,7,7,3,NA,7,6,yes,no,no,no,no,no,no,no,no,no,no,no
Verbascum_lychnitis,http://www.worldfloraonline.org/taxon/wfo-0000420406,na,Scrophulariaceae,herb,NA,NA,NA,no,6100,7,6,5,3,NA,7,3,yes,no,no,no,no,no,no,no,no,no,no,no
Verbascum_nigrum,http://www.worldfloraonline.org/taxon/wfo-0000420517,na,Scrophulariaceae,herb,NA,NA,NA,no,6212,7,5,5,5,NA,7,7,yes,no,no,no,no,no,no,no,no,no,no,no
Verbascum_thapsus,http://www.worldfloraonline.org/taxon/wfo-0000419130,na,Scrophulariaceae,herb,NA,NA,NA,no,6210,8,NA,3,4,NA,7,7,yes,no,no,no,no,no,no,no,no,no,no,no
Verbena_officinalis,http://www.worldfloraonline.org/taxon/wfo-0000332143,na,Verbenaceae,herb,NA,NA,NA,no,3300,9,6,3,5,NA,7,7,yes,no,no,no,no,no,no,no,no,no,no,no
Veronica_arvensis,http://www.worldfloraonline.org/taxon/wfo-0000419753,na,Plantaginaceae,herb,NA,NA,NA,no,5200,7,6,3,4,NA,6,NA,yes,no,no,no,no,no,no,no,no,no,no,no
Veronica_chamaedrys,http://www.worldfloraonline.org/taxon/wfo-0000419437,na,Plantaginaceae,herb,NA,NA,NA,no,NA,6,NA,NA,5,NA,NA,NA,yes,no,no,yes,no,no,no,no,no,no,no,no
Veronica_persica,http://www.worldfloraonline.org/taxon/wfo-0000425859,na,Plantaginaceae,herb,NA,NA,NA,yes,3310,6,NA,3,5,NA,7,7,no,no,no,no,no,no,no,no,no,no,no,no
Vicia_cracca,http://www.worldfloraonline.org/taxon/wfo-0000214046,na,Fabaceae,legume,NA,NA,NA,no,5400,7,5,NA,5,NA,NA,NA,yes,no,no,yes,no,no,no,no,no,no,no,no
Vicia_villosa_ssp_varia,http://www.worldfloraonline.org/taxon/wfo-0000212809,Vicia_villosa_ssp_dasycarpa,Fabaceae,legume,NA,NA,NA,yes,0,NA,NA,NA,NA,no,NA,NA,yes,no,no,no,no,no,no,no,no,no,no,no
Vicia_villosa,http://www.worldfloraonline.org/taxon/wfo-0000212804,Vicia_glabrescens,Fabaceae,legume,NA,NA,NA,yes,3421,NA,NA,NA,NA,NA,NA,NA,yes,no,no,no,no,no,no,no,no,no,no,no
Vicia_hirsuta,http://www.worldfloraonline.org/taxon/wfo-0000212743,na,Fabaceae,legume,NA,NA,NA,no,3400,7,6,5,4,NA,NA,4,yes,no,no,no,no,no,no,no,no,no,no,no
Vicia_sativa_ssp_nigra,http://www.worldfloraonline.org/taxon/wfo-0000212782,Vicia_angustifolia,Fabaceae,legume,NA,NA,NA,no,NA,5,6,3,NA,NA,NA,NA,yes,no,no,yes,no,no,no,no,no,no,no,no
Vicia_sepium,http://www.worldfloraonline.org/taxon/wfo-0000212792,na,Fabaceae,legume,NA,NA,NA,no,NA,NA,NA,5,5,NA,6,5,yes,no,no,no,no,no,no,no,no,no,no,no
Vicia_tetrasperma,http://www.worldfloraonline.org/taxon/wfo-0000212802,na,Fabaceae,legume,NA,NA,NA,no,3400,6,6,5,5,NA,5,5,yes,no,no,no,no,no,no,no,no,no,no,no
Viola_hirta,http://www.worldfloraonline.org/taxon/wfo-0000423911,NA,Violaceae,herb,NA,NA,NA,no,0,6,5,5,3,NA,8,2,no,no,no,no,no,no,4,no,no,no,no,no
Viola_odorata,http://www.worldfloraonline.org/taxon/wfo-0000423364,NA,Violaceae,herb,NA,NA,NA,no,0,5,6,3,5,NA,NA,8,no,no,no,no,no,no,no,no,no,no,no,no
